{
  "standard": {
    "(81054, 1335)": 17.759819615484293,
    "(81054, 1334)": 19.035092340827703,
    "(80558, 1331)": 42.13347971786328
  }
}