{
  "model_id": "individual_1skus_xgboost_standard",
  "modeling_strategy": "individual",
  "sku_tuples": [
    [
      80558,
      1331
    ]
  ],
  "model_type": "xgboost_standard",
  "store_id": 1331,
  "product_id": 80558,
  "model_instance": "default",
  "storage_location": "xgb_prototype_results/models/1331/80558/xgboost_standard/default",
  "hyperparameters": {
    "n_estimators": 78,
    "max_depth": 3,
    "learning_rate": 0.06356393066232492,
    "subsample": 0.8136751464901273,
    "colsample_bytree": 0.820105725620293,
    "reg_alpha": 4.979378780027597,
    "reg_lambda": 6.663822635873432,
    "random_state": 42
  },
  "training_config": "{'random_state': 42, 'model_selection': ModelSelectionConfig(model_types=['xgboost_standard'], train_all_available=False), 'model_configs': {'xgboost_standard': ModelTypeConfig(model_type='xgboost_standard', hyperparameters={'n_estimators': 78, 'max_depth': 3, 'learning_rate': 0.06356393066232492, 'subsample': 0.8136751464901273, 'colsample_bytree': 0.820105725620293, 'reg_alpha': 4.979378780027597, 'reg_lambda': 6.663822635873432, 'random_state': 42}, model_specific_params={}, quantile_alpha=None)}}",
  "performance_metrics": {
    "mse": 1334.0594315245478,
    "rmse": 36.52477832272973,
    "mae": 25.27390180878553,
    "r2": 0.6163956880963016,
    "max_error": 218.0,
    "mean_error": -6.1937984496124034,
    "std_error": 35.995781590210356,
    "mape": 65.61106263820116,
    "within_1_unit": 0.046511627906976744,
    "within_2_units": 0.07751937984496124,
    "within_5_units": 0.20155038759689922
  },
  "feature_columns": [
    "feature_0000",
    "feature_0001",
    "feature_0002",
    "feature_0003",
    "feature_0004",
    "feature_0005",
    "feature_0006",
    "feature_0007",
    "feature_0008",
    "feature_0009",
    "feature_0010",
    "feature_0011",
    "feature_0012",
    "feature_0013",
    "feature_0014",
    "feature_0015",
    "feature_0016",
    "feature_0017",
    "feature_0018",
    "feature_0019",
    "feature_0020",
    "feature_0021",
    "feature_0022",
    "feature_0023",
    "feature_0024",
    "feature_0025",
    "feature_0026",
    "feature_0027",
    "feature_0028",
    "feature_0029",
    "feature_0030",
    "feature_0031",
    "feature_0032",
    "feature_0033",
    "feature_0034",
    "feature_0035",
    "feature_0036",
    "feature_0037",
    "feature_0039",
    "month_1",
    "month_10",
    "month_11",
    "month_12",
    "month_2",
    "month_3",
    "month_4",
    "month_5",
    "month_6",
    "month_7",
    "month_8",
    "month_9",
    "day_of_week_1",
    "day_of_week_2",
    "day_of_week_3",
    "day_of_week_4",
    "day_of_week_5",
    "day_of_week_6",
    "day_of_week_7",
    "week_of_year_1",
    "week_of_year_10",
    "week_of_year_11",
    "week_of_year_12",
    "week_of_year_13",
    "week_of_year_14",
    "week_of_year_15",
    "week_of_year_16",
    "week_of_year_17",
    "week_of_year_18",
    "week_of_year_19",
    "week_of_year_2",
    "week_of_year_20",
    "week_of_year_21",
    "week_of_year_22",
    "week_of_year_23",
    "week_of_year_24",
    "week_of_year_25",
    "week_of_year_26",
    "week_of_year_27",
    "week_of_year_28",
    "week_of_year_29",
    "week_of_year_3",
    "week_of_year_30",
    "week_of_year_31",
    "week_of_year_32",
    "week_of_year_33",
    "week_of_year_34",
    "week_of_year_35",
    "week_of_year_36",
    "week_of_year_37",
    "week_of_year_38",
    "week_of_year_39",
    "week_of_year_4",
    "week_of_year_40",
    "week_of_year_41",
    "week_of_year_42",
    "week_of_year_43",
    "week_of_year_44",
    "week_of_year_45",
    "week_of_year_46",
    "week_of_year_47",
    "week_of_year_48",
    "week_of_year_49",
    "week_of_year_5",
    "week_of_year_50",
    "week_of_year_51",
    "week_of_year_52",
    "week_of_year_53",
    "week_of_year_6",
    "week_of_year_7",
    "week_of_year_8",
    "week_of_year_9",
    "year_2011",
    "year_2012",
    "year_2013",
    "year_2014",
    "year_2015",
    "year_2016",
    "is_weekend_false",
    "is_weekend_true",
    "quarter_1",
    "quarter_2",
    "quarter_3",
    "quarter_4",
    "feature_0038_lag_1",
    "feature_0038_lag_2",
    "feature_0038_lag_3",
    "feature_0038_lag_4",
    "feature_0038_lag_5",
    "feature_0038_lag_6",
    "feature_0038_lag_7",
    "trend"
  ],
  "target_column": "target",
  "training_date_range": [
    "",
    ""
  ]
}