{
  "0.5": {
    "(81054, 1335)": 6.560550374270101,
    "(81054, 1334)": 7.137876732404842,
    "(80558, 1331)": 14.863100730893455
  },
  "0.6": {
    "(81054, 1335)": 6.125936093194849,
    "(81054, 1334)": 6.70015095752647,
    "(80558, 1331)": 15.218950933880276
  },
  "0.7": {
    "(81054, 1335)": 5.35227533976237,
    "(81054, 1334)": 6.260672503725195,
    "(80558, 1331)": 12.530003688193725
  },
  "0.8": {
    "(81054, 1335)": 4.229453496415485,
    "(81054, 1334)": 5.6465036949137986,
    "(80558, 1331)": 10.873080029598501
  },
  "0.9": {
    "(81054, 1335)": 3.552102383162623,
    "(81054, 1334)": 3.9175202736866868,
    "(80558, 1331)": 8.81234405527435
  }
}